ID_Ponto,Nome,Status,Data,Hora
69173cb53bad44001fc83d83,EletroBidu - CCO WEG DC,Available,2026-03-25,11:31:00
670eb3214acdfd001f675a13,EletroBidu - Posto Equipe Shopping,Available,2026-03-25,12:16:29
66a25ea61060d800227bc0e3,EletroBidu - CCO MOBY,Available,2026-03-25,12:16:29
67408530fd34cf001fbd6c63,EletroBidu - CCO Zeta Uno,Available,2026-03-25,12:16:29
6890bcc16899c6001f414dc8,Posto Quality,Available,2026-03-25,12:16:29
69173cb53bad44001fc83d83,EletroBidu - CCO WEG DC,Available,2026-03-25,12:16:29
670eb3214acdfd001f675a13,EletroBidu - Posto Equipe Shopping,Available,2026-03-25,12:55:26
66a25ea61060d800227bc0e3,EletroBidu - CCO MOBY,Available,2026-03-25,12:55:26
67408530fd34cf001fbd6c63,EletroBidu - CCO Zeta Uno,Available,2026-03-25,12:55:26
6890bcc16899c6001f414dc8,Posto Quality,Available,2026-03-25,12:55:26
69173cb53bad44001fc83d83,EletroBidu - CCO WEG DC,Available,2026-03-25,12:55:26
670eb3214acdfd001f675a13,EletroBidu - Posto Equipe Shopping,Available,2026-03-25,12:56:41
66a25ea61060d800227bc0e3,EletroBidu - CCO MOBY,Available,2026-03-25,12:56:41
67408530fd34cf001fbd6c63,EletroBidu - CCO Zeta Uno,Available,2026-03-25,12:56:41
6890bcc16899c6001f414dc8,Posto Quality,Available,2026-03-25,12:56:41
69173cb53bad44001fc83d83,EletroBidu - CCO WEG DC,Available,2026-03-25,12:56:41
670eb3214acdfd001f675a13,EletroBidu - Posto Equipe Shopping,Available,2026-03-25,13:19:35
66a25ea61060d800227bc0e3,EletroBidu - CCO MOBY,Charging,2026-03-25,13:19:35
67408530fd34cf001fbd6c63,EletroBidu - CCO Zeta Uno,Available,2026-03-25,13:19:35
6890bcc16899c6001f414dc8,Posto Quality,Available,2026-03-25,13:19:35
69173cb53bad44001fc83d83,EletroBidu - CCO WEG DC,Available,2026-03-25,13:19:35
670eb3214acdfd001f675a13,EletroBidu - Posto Equipe Shopping,Available,2026-03-25,14:32:42
66a25ea61060d800227bc0e3,EletroBidu - CCO MOBY,Available,2026-03-25,14:32:42
67408530fd34cf001fbd6c63,EletroBidu - CCO Zeta Uno,Available,2026-03-25,14:32:42
6890bcc16899c6001f414dc8,Posto Quality,Available,2026-03-25,14:32:42
69173cb53bad44001fc83d83,EletroBidu - CCO WEG DC,Available,2026-03-25,14:32:42
670eb3214acdfd001f675a13,EletroBidu - Posto Equipe Shopping,Charging,2026-03-25,15:32:17
66a25ea61060d800227bc0e3,EletroBidu - CCO MOBY,Available,2026-03-25,15:32:17
67408530fd34cf001fbd6c63,EletroBidu - CCO Zeta Uno,Available,2026-03-25,15:32:17
6890bcc16899c6001f414dc8,Posto Quality,Available,2026-03-25,15:32:17
69173cb53bad44001fc83d83,EletroBidu - CCO WEG DC,Available,2026-03-25,15:32:17
670eb3214acdfd001f675a13,EletroBidu - Posto Equipe Shopping,Charging,2026-03-25,16:30:20
66a25ea61060d800227bc0e3,EletroBidu - CCO MOBY,Available,2026-03-25,16:30:20
67408530fd34cf001fbd6c63,EletroBidu - CCO Zeta Uno,Available,2026-03-25,16:30:20
6890bcc16899c6001f414dc8,Posto Quality,Available,2026-03-25,16:30:20
69173cb53bad44001fc83d83,EletroBidu - CCO WEG DC,Available,2026-03-25,16:30:20
670eb3214acdfd001f675a13,EletroBidu - Posto Equipe Shopping,Charging,2026-03-25,17:05:09
66a25ea61060d800227bc0e3,EletroBidu - CCO MOBY,Available,2026-03-25,17:05:09
67408530fd34cf001fbd6c63,EletroBidu - CCO Zeta Uno,Available,2026-03-25,17:05:09
6890bcc16899c6001f414dc8,Posto Quality,Available,2026-03-25,17:05:09
69173cb53bad44001fc83d83,EletroBidu - CCO WEG DC,Available,2026-03-25,17:05:09
670eb3214acdfd001f675a13,EletroBidu - Posto Equipe Shopping,Charging,2026-03-25,17:55:05
66a25ea61060d800227bc0e3,EletroBidu - CCO MOBY,Available,2026-03-25,17:55:05
67408530fd34cf001fbd6c63,EletroBidu - CCO Zeta Uno,Available,2026-03-25,17:55:05
6890bcc16899c6001f414dc8,Posto Quality,Available,2026-03-25,17:55:05
69173cb53bad44001fc83d83,EletroBidu - CCO WEG DC,Available,2026-03-25,17:55:05
670eb3214acdfd001f675a13,EletroBidu - Posto Equipe Shopping,Available,2026-03-25,18:45:34
66a25ea61060d800227bc0e3,EletroBidu - CCO MOBY,Charging,2026-03-25,18:45:34
67408530fd34cf001fbd6c63,EletroBidu - CCO Zeta Uno,Charging,2026-03-25,18:45:34
6890bcc16899c6001f414dc8,Posto Quality,Available,2026-03-25,18:45:34
69173cb53bad44001fc83d83,EletroBidu - CCO WEG DC,Charging,2026-03-25,18:45:34
670eb3214acdfd001f675a13,EletroBidu - Posto Equipe Shopping,Available,2026-03-25,19:22:20
66a25ea61060d800227bc0e3,EletroBidu - CCO MOBY,Charging,2026-03-25,19:22:20
67408530fd34cf001fbd6c63,EletroBidu - CCO Zeta Uno,Available,2026-03-25,19:22:20
6890bcc16899c6001f414dc8,Posto Quality,Available,2026-03-25,19:22:20
69173cb53bad44001fc83d83,EletroBidu - CCO WEG DC,Charging,2026-03-25,19:22:20
670eb3214acdfd001f675a13,EletroBidu - Posto Equipe Shopping,Available,2026-03-25,20:02:45
66a25ea61060d800227bc0e3,EletroBidu - CCO MOBY,Available,2026-03-25,20:02:45
67408530fd34cf001fbd6c63,EletroBidu - CCO Zeta Uno,Charging,2026-03-25,20:02:45
6890bcc16899c6001f414dc8,Posto Quality,Available,2026-03-25,20:02:45
69173cb53bad44001fc83d83,EletroBidu - CCO WEG DC,Finishing,2026-03-25,20:02:45
670eb3214acdfd001f675a13,EletroBidu - Posto Equipe Shopping,Available,2026-03-25,20:48:58
66a25ea61060d800227bc0e3,EletroBidu - CCO MOBY,Charging,2026-03-25,20:48:58
67408530fd34cf001fbd6c63,EletroBidu - CCO Zeta Uno,Charging,2026-03-25,20:48:58
6890bcc16899c6001f414dc8,Posto Quality,Available,2026-03-25,20:48:58
69173cb53bad44001fc83d83,EletroBidu - CCO WEG DC,Charging,2026-03-25,20:48:58
670eb3214acdfd001f675a13,EletroBidu - Posto Equipe Shopping,Available,2026-03-25,22:10:48
66a25ea61060d800227bc0e3,EletroBidu - CCO MOBY,Available,2026-03-25,22:10:48
67408530fd34cf001fbd6c63,EletroBidu - CCO Zeta Uno,Charging,2026-03-25,22:10:48
6890bcc16899c6001f414dc8,Posto Quality,Available,2026-03-25,22:10:48
69173cb53bad44001fc83d83,EletroBidu - CCO WEG DC,Available,2026-03-25,22:10:48
670eb3214acdfd001f675a13,EletroBidu - Posto Equipe Shopping,Available,2026-03-26,01:05:43
66a25ea61060d800227bc0e3,EletroBidu - CCO MOBY,Available,2026-03-26,01:05:43
67408530fd34cf001fbd6c63,EletroBidu - CCO Zeta Uno,Available,2026-03-26,01:05:43
6890bcc16899c6001f414dc8,Posto Quality,Available,2026-03-26,01:05:43
69173cb53bad44001fc83d83,EletroBidu - CCO WEG DC,Available,2026-03-26,01:05:43
670eb3214acdfd001f675a13,EletroBidu - Posto Equipe Shopping,Available,2026-03-26,02:49:24
66a25ea61060d800227bc0e3,EletroBidu - CCO MOBY,Available,2026-03-26,02:49:24
67408530fd34cf001fbd6c63,EletroBidu - CCO Zeta Uno,Available,2026-03-26,02:49:24
6890bcc16899c6001f414dc8,Posto Quality,Available,2026-03-26,02:49:24
69173cb53bad44001fc83d83,EletroBidu - CCO WEG DC,Available,2026-03-26,02:49:24
670eb3214acdfd001f675a13,EletroBidu - Posto Equipe Shopping,Available,2026-03-26,03:56:39
66a25ea61060d800227bc0e3,EletroBidu - CCO MOBY,Available,2026-03-26,03:56:39
67408530fd34cf001fbd6c63,EletroBidu - CCO Zeta Uno,Available,2026-03-26,03:56:39
6890bcc16899c6001f414dc8,Posto Quality,Available,2026-03-26,03:56:39
69173cb53bad44001fc83d83,EletroBidu - CCO WEG DC,Available,2026-03-26,03:56:39
670eb3214acdfd001f675a13,EletroBidu - Posto Equipe Shopping,Available,2026-03-26,05:06:38
66a25ea61060d800227bc0e3,EletroBidu - CCO MOBY,Available,2026-03-26,05:06:38
67408530fd34cf001fbd6c63,EletroBidu - CCO Zeta Uno,Available,2026-03-26,05:06:38
6890bcc16899c6001f414dc8,Posto Quality,Available,2026-03-26,05:06:38
69173cb53bad44001fc83d83,EletroBidu - CCO WEG DC,Available,2026-03-26,05:06:38
670eb3214acdfd001f675a13,EletroBidu - Posto Equipe Shopping,Charging,2026-03-26,06:13:49
66a25ea61060d800227bc0e3,EletroBidu - CCO MOBY,Charging,2026-03-26,06:13:49
67408530fd34cf001fbd6c63,EletroBidu - CCO Zeta Uno,Charging,2026-03-26,06:13:49
6890bcc16899c6001f414dc8,Posto Quality,Available,2026-03-26,06:13:49
69173cb53bad44001fc83d83,EletroBidu - CCO WEG DC,Available,2026-03-26,06:13:49
670eb3214acdfd001f675a13,EletroBidu - Posto Equipe Shopping,Available,2026-03-26,07:14:38
66a25ea61060d800227bc0e3,EletroBidu - CCO MOBY,Charging,2026-03-26,07:14:38
67408530fd34cf001fbd6c63,EletroBidu - CCO Zeta Uno,Charging,2026-03-26,07:14:38
6890bcc16899c6001f414dc8,Posto Quality,Available,2026-03-26,07:14:38
69173cb53bad44001fc83d83,EletroBidu - CCO WEG DC,Available,2026-03-26,07:14:38
670eb3214acdfd001f675a13,EletroBidu - Posto Equipe Shopping,Charging,2026-03-26,08:15:07
66a25ea61060d800227bc0e3,EletroBidu - CCO MOBY,Charging,2026-03-26,08:15:07
67408530fd34cf001fbd6c63,EletroBidu - CCO Zeta Uno,Charging,2026-03-26,08:15:07
6890bcc16899c6001f414dc8,Posto Quality,Available,2026-03-26,08:15:07
69173cb53bad44001fc83d83,EletroBidu - CCO WEG DC,Available,2026-03-26,08:15:07
670eb3214acdfd001f675a13,EletroBidu - Posto Equipe Shopping,Available,2026-03-26,09:04:06
66a25ea61060d800227bc0e3,EletroBidu - CCO MOBY,Available,2026-03-26,09:04:06
67408530fd34cf001fbd6c63,EletroBidu - CCO Zeta Uno,Available,2026-03-26,09:04:06
6890bcc16899c6001f414dc8,Posto Quality,Available,2026-03-26,09:04:06
69173cb53bad44001fc83d83,EletroBidu - CCO WEG DC,Available,2026-03-26,09:04:06
670eb3214acdfd001f675a13,EletroBidu - Posto Equipe Shopping,Finishing,2026-03-26,10:56:34
66a25ea61060d800227bc0e3,EletroBidu - CCO MOBY,Available,2026-03-26,10:56:34
67408530fd34cf001fbd6c63,EletroBidu - CCO Zeta Uno,Charging,2026-03-26,10:56:34
6890bcc16899c6001f414dc8,Posto Quality,Charging,2026-03-26,10:56:34
69173cb53bad44001fc83d83,EletroBidu - CCO WEG DC,Available,2026-03-26,10:56:34
670eb3214acdfd001f675a13,EletroBidu - Posto Equipe Shopping,Available,2026-03-26,12:16:57
66a25ea61060d800227bc0e3,EletroBidu - CCO MOBY,Charging,2026-03-26,12:16:57
67408530fd34cf001fbd6c63,EletroBidu - CCO Zeta Uno,Available,2026-03-26,12:16:57
6890bcc16899c6001f414dc8,Posto Quality,Available,2026-03-26,12:16:57
69173cb53bad44001fc83d83,EletroBidu - CCO WEG DC,Available,2026-03-26,12:16:57
670eb3214acdfd001f675a13,EletroBidu - Posto Equipe Shopping,Available,2026-03-26,13:37:57
66a25ea61060d800227bc0e3,EletroBidu - CCO MOBY,Available,2026-03-26,13:37:57
67408530fd34cf001fbd6c63,EletroBidu - CCO Zeta Uno,Available,2026-03-26,13:37:57
6890bcc16899c6001f414dc8,Posto Quality,Charging,2026-03-26,13:37:57
69173cb53bad44001fc83d83,EletroBidu - CCO WEG DC,Available,2026-03-26,13:37:57
670eb3214acdfd001f675a13,EletroBidu - Posto Equipe Shopping,Available,2026-03-26,14:42:37
66a25ea61060d800227bc0e3,EletroBidu - CCO MOBY,Available,2026-03-26,14:42:37
67408530fd34cf001fbd6c63,EletroBidu - CCO Zeta Uno,Available,2026-03-26,14:42:37
6890bcc16899c6001f414dc8,Posto Quality,Available,2026-03-26,14:42:37
69173cb53bad44001fc83d83,EletroBidu - CCO WEG DC,Available,2026-03-26,14:42:37
670eb3214acdfd001f675a13,EletroBidu - Posto Equipe Shopping,Charging,2026-03-26,15:42:05
66a25ea61060d800227bc0e3,EletroBidu - CCO MOBY,Available,2026-03-26,15:42:05
67408530fd34cf001fbd6c63,EletroBidu - CCO Zeta Uno,Available,2026-03-26,15:42:05
6890bcc16899c6001f414dc8,Posto Quality,Available,2026-03-26,15:42:05
69173cb53bad44001fc83d83,EletroBidu - CCO WEG DC,Available,2026-03-26,15:42:05
670eb3214acdfd001f675a13,EletroBidu - Posto Equipe Shopping,Available,2026-03-26,16:44:58
66a25ea61060d800227bc0e3,EletroBidu - CCO MOBY,Available,2026-03-26,16:44:58
67408530fd34cf001fbd6c63,EletroBidu - CCO Zeta Uno,Charging,2026-03-26,16:44:58
6890bcc16899c6001f414dc8,Posto Quality,Available,2026-03-26,16:44:58
69173cb53bad44001fc83d83,EletroBidu - CCO WEG DC,Available,2026-03-26,16:44:58
670eb3214acdfd001f675a13,EletroBidu - Posto Equipe Shopping,Available,2026-03-26,17:22:48
66a25ea61060d800227bc0e3,EletroBidu - CCO MOBY,Charging,2026-03-26,17:22:48
67408530fd34cf001fbd6c63,EletroBidu - CCO Zeta Uno,Available,2026-03-26,17:22:48
6890bcc16899c6001f414dc8,Posto Quality,Available,2026-03-26,17:22:48
69173cb53bad44001fc83d83,EletroBidu - CCO WEG DC,Available,2026-03-26,17:22:48
670eb3214acdfd001f675a13,EletroBidu - Posto Equipe Shopping,Charging,2026-03-26,17:58:57
66a25ea61060d800227bc0e3,EletroBidu - CCO MOBY,Available,2026-03-26,17:58:57
67408530fd34cf001fbd6c63,EletroBidu - CCO Zeta Uno,Faulted,2026-03-26,17:58:57
6890bcc16899c6001f414dc8,Posto Quality,Available,2026-03-26,17:58:57
69173cb53bad44001fc83d83,EletroBidu - CCO WEG DC,Available,2026-03-26,17:58:57
670eb3214acdfd001f675a13,EletroBidu - Posto Equipe Shopping,Available,2026-03-26,18:41:40
66a25ea61060d800227bc0e3,EletroBidu - CCO MOBY,Charging,2026-03-26,18:41:40
67408530fd34cf001fbd6c63,EletroBidu - CCO Zeta Uno,Faulted,2026-03-26,18:41:40
6890bcc16899c6001f414dc8,Posto Quality,Available,2026-03-26,18:41:40
69173cb53bad44001fc83d83,EletroBidu - CCO WEG DC,Charging,2026-03-26,18:41:40
670eb3214acdfd001f675a13,EletroBidu - Posto Equipe Shopping,Available,2026-03-26,19:01:05
66a25ea61060d800227bc0e3,EletroBidu - CCO MOBY,Charging,2026-03-26,19:01:05
67408530fd34cf001fbd6c63,EletroBidu - CCO Zeta Uno,Faulted,2026-03-26,19:01:05
6890bcc16899c6001f414dc8,Posto Quality,Available,2026-03-26,19:01:05
69173cb53bad44001fc83d83,EletroBidu - CCO WEG DC,Charging,2026-03-26,19:01:05
670eb3214acdfd001f675a13,EletroBidu - Posto Equipe Shopping,Available,2026-03-26,19:48:31
66a25ea61060d800227bc0e3,EletroBidu - CCO MOBY,Charging,2026-03-26,19:48:31
67408530fd34cf001fbd6c63,EletroBidu - CCO Zeta Uno,Faulted,2026-03-26,19:48:31
6890bcc16899c6001f414dc8,Posto Quality,Available,2026-03-26,19:48:31
69173cb53bad44001fc83d83,EletroBidu - CCO WEG DC,Charging,2026-03-26,19:48:31
670eb3214acdfd001f675a13,EletroBidu - Posto Equipe Shopping,Available,2026-03-26,20:17:59
66a25ea61060d800227bc0e3,EletroBidu - CCO MOBY,Charging,2026-03-26,20:17:59
67408530fd34cf001fbd6c63,EletroBidu - CCO Zeta Uno,Faulted,2026-03-26,20:17:59
6890bcc16899c6001f414dc8,Posto Quality,Available,2026-03-26,20:17:59
69173cb53bad44001fc83d83,EletroBidu - CCO WEG DC,Charging,2026-03-26,20:17:59
670eb3214acdfd001f675a13,EletroBidu - Posto Equipe Shopping,Available,2026-03-26,20:52:46
66a25ea61060d800227bc0e3,EletroBidu - CCO MOBY,Charging,2026-03-26,20:52:46
67408530fd34cf001fbd6c63,EletroBidu - CCO Zeta Uno,Faulted,2026-03-26,20:52:46
6890bcc16899c6001f414dc8,Posto Quality,Available,2026-03-26,20:52:46
69173cb53bad44001fc83d83,EletroBidu - CCO WEG DC,Preparing,2026-03-26,20:52:46
670eb3214acdfd001f675a13,EletroBidu - Posto Equipe Shopping,Available,2026-03-26,23:12:17
66a25ea61060d800227bc0e3,EletroBidu - CCO MOBY,Available,2026-03-26,23:12:17
67408530fd34cf001fbd6c63,EletroBidu - CCO Zeta Uno,Faulted,2026-03-26,23:12:17
6890bcc16899c6001f414dc8,Posto Quality,Available,2026-03-26,23:12:17
69173cb53bad44001fc83d83,EletroBidu - CCO WEG DC,Charging,2026-03-26,23:12:17
670eb3214acdfd001f675a13,EletroBidu - Posto Equipe Shopping,Available,2026-03-27,01:42:57
66a25ea61060d800227bc0e3,EletroBidu - CCO MOBY,Available,2026-03-27,01:42:57
67408530fd34cf001fbd6c63,EletroBidu - CCO Zeta Uno,Faulted,2026-03-27,01:42:57
6890bcc16899c6001f414dc8,Posto Quality,Available,2026-03-27,01:42:57
69173cb53bad44001fc83d83,EletroBidu - CCO WEG DC,Available,2026-03-27,01:42:57
670eb3214acdfd001f675a13,EletroBidu - Posto Equipe Shopping,Available,2026-03-27,03:04:18
66a25ea61060d800227bc0e3,EletroBidu - CCO MOBY,Available,2026-03-27,03:04:18
67408530fd34cf001fbd6c63,EletroBidu - CCO Zeta Uno,Faulted,2026-03-27,03:04:18
6890bcc16899c6001f414dc8,Posto Quality,Available,2026-03-27,03:04:18
69173cb53bad44001fc83d83,EletroBidu - CCO WEG DC,Available,2026-03-27,03:04:18
670eb3214acdfd001f675a13,EletroBidu - Posto Equipe Shopping,Available,2026-03-27,04:34:33
66a25ea61060d800227bc0e3,EletroBidu - CCO MOBY,Available,2026-03-27,04:34:33
67408530fd34cf001fbd6c63,EletroBidu - CCO Zeta Uno,Faulted,2026-03-27,04:34:33
6890bcc16899c6001f414dc8,Posto Quality,Available,2026-03-27,04:34:33
69173cb53bad44001fc83d83,EletroBidu - CCO WEG DC,Available,2026-03-27,04:34:33
670eb3214acdfd001f675a13,EletroBidu - Posto Equipe Shopping,Available,2026-03-27,05:27:39
66a25ea61060d800227bc0e3,EletroBidu - CCO MOBY,Available,2026-03-27,05:27:39
67408530fd34cf001fbd6c63,EletroBidu - CCO Zeta Uno,Faulted,2026-03-27,05:27:39
6890bcc16899c6001f414dc8,Posto Quality,Available,2026-03-27,05:27:39
69173cb53bad44001fc83d83,EletroBidu - CCO WEG DC,Available,2026-03-27,05:27:39
670eb3214acdfd001f675a13,EletroBidu - Posto Equipe Shopping,Available,2026-03-27,06:31:18
66a25ea61060d800227bc0e3,EletroBidu - CCO MOBY,Charging,2026-03-27,06:31:18
67408530fd34cf001fbd6c63,EletroBidu - CCO Zeta Uno,Charging,2026-03-27,06:31:18
6890bcc16899c6001f414dc8,Posto Quality,Available,2026-03-27,06:31:18
69173cb53bad44001fc83d83,EletroBidu - CCO WEG DC,Available,2026-03-27,06:31:18
670eb3214acdfd001f675a13,EletroBidu - Posto Equipe Shopping,Available,2026-03-27,07:28:08
66a25ea61060d800227bc0e3,EletroBidu - CCO MOBY,Charging,2026-03-27,07:28:08
67408530fd34cf001fbd6c63,EletroBidu - CCO Zeta Uno,Charging,2026-03-27,07:28:08
6890bcc16899c6001f414dc8,Posto Quality,Available,2026-03-27,07:28:08
69173cb53bad44001fc83d83,EletroBidu - CCO WEG DC,Available,2026-03-27,07:28:08
670eb3214acdfd001f675a13,EletroBidu - Posto Equipe Shopping,Available,2026-03-27,08:26:09
66a25ea61060d800227bc0e3,EletroBidu - CCO MOBY,Available,2026-03-27,08:26:09
67408530fd34cf001fbd6c63,EletroBidu - CCO Zeta Uno,Available,2026-03-27,08:26:09
6890bcc16899c6001f414dc8,Posto Quality,Available,2026-03-27,08:26:09
69173cb53bad44001fc83d83,EletroBidu - CCO WEG DC,Charging,2026-03-27,08:26:09
670eb3214acdfd001f675a13,EletroBidu - Posto Equipe Shopping,Charging,2026-03-27,09:05:26
66a25ea61060d800227bc0e3,EletroBidu - CCO MOBY,Available,2026-03-27,09:05:26
67408530fd34cf001fbd6c63,EletroBidu - CCO Zeta Uno,Faulted,2026-03-27,09:05:26
6890bcc16899c6001f414dc8,Posto Quality,Available,2026-03-27,09:05:26
69173cb53bad44001fc83d83,EletroBidu - CCO WEG DC,Finishing,2026-03-27,09:05:26
670eb3214acdfd001f675a13,EletroBidu - Posto Equipe Shopping,Available,2026-03-27,10:42:01
66a25ea61060d800227bc0e3,EletroBidu - CCO MOBY,Available,2026-03-27,10:42:01
67408530fd34cf001fbd6c63,EletroBidu - CCO Zeta Uno,Finishing,2026-03-27,10:42:01
6890bcc16899c6001f414dc8,Posto Quality,Available,2026-03-27,10:42:01
69173cb53bad44001fc83d83,EletroBidu - CCO WEG DC,Available,2026-03-27,10:42:01
670eb3214acdfd001f675a13,EletroBidu - Posto Equipe Shopping,Available,2026-03-27,11:39:22
66a25ea61060d800227bc0e3,EletroBidu - CCO MOBY,Available,2026-03-27,11:39:22
67408530fd34cf001fbd6c63,EletroBidu - CCO Zeta Uno,Charging,2026-03-27,11:39:22
6890bcc16899c6001f414dc8,Posto Quality,Charging,2026-03-27,11:39:22
69173cb53bad44001fc83d83,EletroBidu - CCO WEG DC,Available,2026-03-27,11:39:22
670eb3214acdfd001f675a13,EletroBidu - Posto Equipe Shopping,Charging,2026-03-27,12:35:25
66a25ea61060d800227bc0e3,EletroBidu - CCO MOBY,Finishing,2026-03-27,12:35:25
67408530fd34cf001fbd6c63,EletroBidu - CCO Zeta Uno,Charging,2026-03-27,12:35:25
6890bcc16899c6001f414dc8,Posto Quality,Available,2026-03-27,12:35:25
69173cb53bad44001fc83d83,EletroBidu - CCO WEG DC,Available,2026-03-27,12:35:25
670eb3214acdfd001f675a13,EletroBidu - Posto Equipe Shopping,Available,2026-03-27,13:34:22
66a25ea61060d800227bc0e3,EletroBidu - CCO MOBY,Charging,2026-03-27,13:34:22
67408530fd34cf001fbd6c63,EletroBidu - CCO Zeta Uno,Available,2026-03-27,13:34:22
6890bcc16899c6001f414dc8,Posto Quality,Available,2026-03-27,13:34:22
69173cb53bad44001fc83d83,EletroBidu - CCO WEG DC,Charging,2026-03-27,13:34:22
670eb3214acdfd001f675a13,EletroBidu - Posto Equipe Shopping,Available,2026-03-27,14:32:49
66a25ea61060d800227bc0e3,EletroBidu - CCO MOBY,Available,2026-03-27,14:32:49
67408530fd34cf001fbd6c63,EletroBidu - CCO Zeta Uno,Charging,2026-03-27,14:32:49
6890bcc16899c6001f414dc8,Posto Quality,Available,2026-03-27,14:32:49
69173cb53bad44001fc83d83,EletroBidu - CCO WEG DC,Available,2026-03-27,14:32:49
670eb3214acdfd001f675a13,EletroBidu - Posto Equipe Shopping,Charging,2026-03-27,15:32:47
66a25ea61060d800227bc0e3,EletroBidu - CCO MOBY,Available,2026-03-27,15:32:47
67408530fd34cf001fbd6c63,EletroBidu - CCO Zeta Uno,Charging,2026-03-27,15:32:47
6890bcc16899c6001f414dc8,Posto Quality,Available,2026-03-27,15:32:47
69173cb53bad44001fc83d83,EletroBidu - CCO WEG DC,Available,2026-03-27,15:32:47
670eb3214acdfd001f675a13,EletroBidu - Posto Equipe Shopping,Available,2026-03-27,16:27:19
66a25ea61060d800227bc0e3,EletroBidu - CCO MOBY,Available,2026-03-27,16:27:19
67408530fd34cf001fbd6c63,EletroBidu - CCO Zeta Uno,Available,2026-03-27,16:27:19
6890bcc16899c6001f414dc8,Posto Quality,Available,2026-03-27,16:27:19
69173cb53bad44001fc83d83,EletroBidu - CCO WEG DC,Available,2026-03-27,16:27:19
670eb3214acdfd001f675a13,EletroBidu - Posto Equipe Shopping,Available,2026-03-27,17:01:07
66a25ea61060d800227bc0e3,EletroBidu - CCO MOBY,Available,2026-03-27,17:01:07
67408530fd34cf001fbd6c63,EletroBidu - CCO Zeta Uno,Available,2026-03-27,17:01:07
6890bcc16899c6001f414dc8,Posto Quality,Available,2026-03-27,17:01:07
69173cb53bad44001fc83d83,EletroBidu - CCO WEG DC,Available,2026-03-27,17:01:07
670eb3214acdfd001f675a13,EletroBidu - Posto Equipe Shopping,Available,2026-03-27,17:53:25
66a25ea61060d800227bc0e3,EletroBidu - CCO MOBY,Available,2026-03-27,17:53:25
67408530fd34cf001fbd6c63,EletroBidu - CCO Zeta Uno,Available,2026-03-27,17:53:25
6890bcc16899c6001f414dc8,Posto Quality,Available,2026-03-27,17:53:25
69173cb53bad44001fc83d83,EletroBidu - CCO WEG DC,Charging,2026-03-27,17:53:25
670eb3214acdfd001f675a13,EletroBidu - Posto Equipe Shopping,Available,2026-03-27,18:34:59
66a25ea61060d800227bc0e3,EletroBidu - CCO MOBY,Charging,2026-03-27,18:34:59
67408530fd34cf001fbd6c63,EletroBidu - CCO Zeta Uno,Charging,2026-03-27,18:34:59
6890bcc16899c6001f414dc8,Posto Quality,Available,2026-03-27,18:34:59
69173cb53bad44001fc83d83,EletroBidu - CCO WEG DC,Charging,2026-03-27,18:34:59
670eb3214acdfd001f675a13,EletroBidu - Posto Equipe Shopping,Available,2026-03-27,19:01:24
66a25ea61060d800227bc0e3,EletroBidu - CCO MOBY,Charging,2026-03-27,19:01:24
67408530fd34cf001fbd6c63,EletroBidu - CCO Zeta Uno,Available,2026-03-27,19:01:24
6890bcc16899c6001f414dc8,Posto Quality,Available,2026-03-27,19:01:24
69173cb53bad44001fc83d83,EletroBidu - CCO WEG DC,Charging,2026-03-27,19:01:24
670eb3214acdfd001f675a13,EletroBidu - Posto Equipe Shopping,Available,2026-03-27,19:49:41
66a25ea61060d800227bc0e3,EletroBidu - CCO MOBY,Available,2026-03-27,19:49:41
67408530fd34cf001fbd6c63,EletroBidu - CCO Zeta Uno,Charging,2026-03-27,19:49:41
6890bcc16899c6001f414dc8,Posto Quality,Charging,2026-03-27,19:49:41
69173cb53bad44001fc83d83,EletroBidu - CCO WEG DC,Charging,2026-03-27,19:49:41
670eb3214acdfd001f675a13,EletroBidu - Posto Equipe Shopping,Charging,2026-03-27,20:22:38
66a25ea61060d800227bc0e3,EletroBidu - CCO MOBY,Available,2026-03-27,20:22:38
67408530fd34cf001fbd6c63,EletroBidu - CCO Zeta Uno,Charging,2026-03-27,20:22:38
6890bcc16899c6001f414dc8,Posto Quality,Charging,2026-03-27,20:22:38
69173cb53bad44001fc83d83,EletroBidu - CCO WEG DC,Charging,2026-03-27,20:22:38
670eb3214acdfd001f675a13,EletroBidu - Posto Equipe Shopping,Charging,2026-03-27,20:52:39
66a25ea61060d800227bc0e3,EletroBidu - CCO MOBY,Available,2026-03-27,20:52:39
67408530fd34cf001fbd6c63,EletroBidu - CCO Zeta Uno,Charging,2026-03-27,20:52:39
6890bcc16899c6001f414dc8,Posto Quality,Charging,2026-03-27,20:52:39
69173cb53bad44001fc83d83,EletroBidu - CCO WEG DC,Available,2026-03-27,20:52:39
670eb3214acdfd001f675a13,EletroBidu - Posto Equipe Shopping,Charging,2026-03-27,23:00:22
66a25ea61060d800227bc0e3,EletroBidu - CCO MOBY,Charging,2026-03-27,23:00:22
67408530fd34cf001fbd6c63,EletroBidu - CCO Zeta Uno,Available,2026-03-27,23:00:22
6890bcc16899c6001f414dc8,Posto Quality,Available,2026-03-27,23:00:22
69173cb53bad44001fc83d83,EletroBidu - CCO WEG DC,Available,2026-03-27,23:00:22
670eb3214acdfd001f675a13,EletroBidu - Posto Equipe Shopping,Available,2026-03-28,01:27:38
66a25ea61060d800227bc0e3,EletroBidu - CCO MOBY,Available,2026-03-28,01:27:38
67408530fd34cf001fbd6c63,EletroBidu - CCO Zeta Uno,Available,2026-03-28,01:27:38
6890bcc16899c6001f414dc8,Posto Quality,Available,2026-03-28,01:27:38
69173cb53bad44001fc83d83,EletroBidu - CCO WEG DC,Available,2026-03-28,01:27:38
670eb3214acdfd001f675a13,EletroBidu - Posto Equipe Shopping,Available,2026-03-28,02:42:10
66a25ea61060d800227bc0e3,EletroBidu - CCO MOBY,Available,2026-03-28,02:42:10
67408530fd34cf001fbd6c63,EletroBidu - CCO Zeta Uno,Available,2026-03-28,02:42:10
6890bcc16899c6001f414dc8,Posto Quality,Available,2026-03-28,02:42:10
69173cb53bad44001fc83d83,EletroBidu - CCO WEG DC,Available,2026-03-28,02:42:10
670eb3214acdfd001f675a13,EletroBidu - Posto Equipe Shopping,Available,2026-03-28,03:40:14
66a25ea61060d800227bc0e3,EletroBidu - CCO MOBY,Available,2026-03-28,03:40:14
67408530fd34cf001fbd6c63,EletroBidu - CCO Zeta Uno,Available,2026-03-28,03:40:14
6890bcc16899c6001f414dc8,Posto Quality,Available,2026-03-28,03:40:14
69173cb53bad44001fc83d83,EletroBidu - CCO WEG DC,Available,2026-03-28,03:40:14
670eb3214acdfd001f675a13,EletroBidu - Posto Equipe Shopping,Available,2026-03-28,04:35:00
66a25ea61060d800227bc0e3,EletroBidu - CCO MOBY,Available,2026-03-28,04:35:00
67408530fd34cf001fbd6c63,EletroBidu - CCO Zeta Uno,Available,2026-03-28,04:35:00
6890bcc16899c6001f414dc8,Posto Quality,Available,2026-03-28,04:35:00
69173cb53bad44001fc83d83,EletroBidu - CCO WEG DC,Available,2026-03-28,04:35:00
670eb3214acdfd001f675a13,EletroBidu - Posto Equipe Shopping,Available,2026-03-28,05:05:39
66a25ea61060d800227bc0e3,EletroBidu - CCO MOBY,Available,2026-03-28,05:05:39
67408530fd34cf001fbd6c63,EletroBidu - CCO Zeta Uno,Available,2026-03-28,05:05:39
6890bcc16899c6001f414dc8,Posto Quality,Available,2026-03-28,05:05:39
69173cb53bad44001fc83d83,EletroBidu - CCO WEG DC,Available,2026-03-28,05:05:39
670eb3214acdfd001f675a13,EletroBidu - Posto Equipe Shopping,Available,2026-03-28,05:56:23
66a25ea61060d800227bc0e3,EletroBidu - CCO MOBY,Charging,2026-03-28,05:56:23
67408530fd34cf001fbd6c63,EletroBidu - CCO Zeta Uno,Available,2026-03-28,05:56:23
6890bcc16899c6001f414dc8,Posto Quality,Available,2026-03-28,05:56:23
69173cb53bad44001fc83d83,EletroBidu - CCO WEG DC,Charging,2026-03-28,05:56:23
670eb3214acdfd001f675a13,EletroBidu - Posto Equipe Shopping,Available,2026-03-28,06:48:44
66a25ea61060d800227bc0e3,EletroBidu - CCO MOBY,Available,2026-03-28,06:48:44
67408530fd34cf001fbd6c63,EletroBidu - CCO Zeta Uno,Available,2026-03-28,06:48:44
6890bcc16899c6001f414dc8,Posto Quality,Available,2026-03-28,06:48:44
69173cb53bad44001fc83d83,EletroBidu - CCO WEG DC,Available,2026-03-28,06:48:44
670eb3214acdfd001f675a13,EletroBidu - Posto Equipe Shopping,Available,2026-03-28,07:19:24
66a25ea61060d800227bc0e3,EletroBidu - CCO MOBY,Available,2026-03-28,07:19:24
67408530fd34cf001fbd6c63,EletroBidu - CCO Zeta Uno,Available,2026-03-28,07:19:24
6890bcc16899c6001f414dc8,Posto Quality,Available,2026-03-28,07:19:24
69173cb53bad44001fc83d83,EletroBidu - CCO WEG DC,Available,2026-03-28,07:19:24
670eb3214acdfd001f675a13,EletroBidu - Posto Equipe Shopping,Charging,2026-03-28,07:56:21
66a25ea61060d800227bc0e3,EletroBidu - CCO MOBY,Charging,2026-03-28,07:56:21
67408530fd34cf001fbd6c63,EletroBidu - CCO Zeta Uno,Available,2026-03-28,07:56:21
6890bcc16899c6001f414dc8,Posto Quality,Available,2026-03-28,07:56:21
69173cb53bad44001fc83d83,EletroBidu - CCO WEG DC,Charging,2026-03-28,07:56:21
670eb3214acdfd001f675a13,EletroBidu - Posto Equipe Shopping,Charging,2026-03-28,08:35:42
66a25ea61060d800227bc0e3,EletroBidu - CCO MOBY,Charging,2026-03-28,08:35:42
67408530fd34cf001fbd6c63,EletroBidu - CCO Zeta Uno,Available,2026-03-28,08:35:42
6890bcc16899c6001f414dc8,Posto Quality,Available,2026-03-28,08:35:42
69173cb53bad44001fc83d83,EletroBidu - CCO WEG DC,Available,2026-03-28,08:35:42
670eb3214acdfd001f675a13,EletroBidu - Posto Equipe Shopping,Charging,2026-03-28,08:57:33
66a25ea61060d800227bc0e3,EletroBidu - CCO MOBY,Finishing,2026-03-28,08:57:33
67408530fd34cf001fbd6c63,EletroBidu - CCO Zeta Uno,Available,2026-03-28,08:57:33
6890bcc16899c6001f414dc8,Posto Quality,Available,2026-03-28,08:57:33
69173cb53bad44001fc83d83,EletroBidu - CCO WEG DC,Available,2026-03-28,08:57:33
670eb3214acdfd001f675a13,EletroBidu - Posto Equipe Shopping,Charging,2026-03-28,10:14:59
66a25ea61060d800227bc0e3,EletroBidu - CCO MOBY,Available,2026-03-28,10:14:59
67408530fd34cf001fbd6c63,EletroBidu - CCO Zeta Uno,Available,2026-03-28,10:14:59
6890bcc16899c6001f414dc8,Posto Quality,Charging,2026-03-28,10:14:59
69173cb53bad44001fc83d83,EletroBidu - CCO WEG DC,Available,2026-03-28,10:14:59
670eb3214acdfd001f675a13,EletroBidu - Posto Equipe Shopping,Finishing,2026-03-28,11:00:20
66a25ea61060d800227bc0e3,EletroBidu - CCO MOBY,Available,2026-03-28,11:00:20
67408530fd34cf001fbd6c63,EletroBidu - CCO Zeta Uno,Available,2026-03-28,11:00:20
6890bcc16899c6001f414dc8,Posto Quality,Available,2026-03-28,11:00:20
69173cb53bad44001fc83d83,EletroBidu - CCO WEG DC,Available,2026-03-28,11:00:20
670eb3214acdfd001f675a13,EletroBidu - Posto Equipe Shopping,Charging,2026-03-28,11:46:34
66a25ea61060d800227bc0e3,EletroBidu - CCO MOBY,Available,2026-03-28,11:46:34
67408530fd34cf001fbd6c63,EletroBidu - CCO Zeta Uno,Available,2026-03-28,11:46:34
6890bcc16899c6001f414dc8,Posto Quality,Charging,2026-03-28,11:46:34
69173cb53bad44001fc83d83,EletroBidu - CCO WEG DC,Available,2026-03-28,11:46:34
670eb3214acdfd001f675a13,EletroBidu - Posto Equipe Shopping,Charging,2026-03-28,12:17:49
66a25ea61060d800227bc0e3,EletroBidu - CCO MOBY,Available,2026-03-28,12:17:49
67408530fd34cf001fbd6c63,EletroBidu - CCO Zeta Uno,Charging,2026-03-28,12:17:49
6890bcc16899c6001f414dc8,Posto Quality,Charging,2026-03-28,12:17:49
69173cb53bad44001fc83d83,EletroBidu - CCO WEG DC,Available,2026-03-28,12:17:49
670eb3214acdfd001f675a13,EletroBidu - Posto Equipe Shopping,Charging,2026-03-28,12:50:42
66a25ea61060d800227bc0e3,EletroBidu - CCO MOBY,Available,2026-03-28,12:50:42
67408530fd34cf001fbd6c63,EletroBidu - CCO Zeta Uno,Available,2026-03-28,12:50:42
6890bcc16899c6001f414dc8,Posto Quality,Available,2026-03-28,12:50:42
69173cb53bad44001fc83d83,EletroBidu - CCO WEG DC,Available,2026-03-28,12:50:42
670eb3214acdfd001f675a13,EletroBidu - Posto Equipe Shopping,Charging,2026-03-28,13:25:09
66a25ea61060d800227bc0e3,EletroBidu - CCO MOBY,Available,2026-03-28,13:25:09
67408530fd34cf001fbd6c63,EletroBidu - CCO Zeta Uno,Available,2026-03-28,13:25:09
6890bcc16899c6001f414dc8,Posto Quality,Available,2026-03-28,13:25:09
69173cb53bad44001fc83d83,EletroBidu - CCO WEG DC,Available,2026-03-28,13:25:09
670eb3214acdfd001f675a13,EletroBidu - Posto Equipe Shopping,Finishing,2026-03-28,14:01:48
66a25ea61060d800227bc0e3,EletroBidu - CCO MOBY,Available,2026-03-28,14:01:48
67408530fd34cf001fbd6c63,EletroBidu - CCO Zeta Uno,Available,2026-03-28,14:01:48
6890bcc16899c6001f414dc8,Posto Quality,Available,2026-03-28,14:01:48
69173cb53bad44001fc83d83,EletroBidu - CCO WEG DC,Charging,2026-03-28,14:01:48
670eb3214acdfd001f675a13,EletroBidu - Posto Equipe Shopping,Charging,2026-03-28,14:41:10
66a25ea61060d800227bc0e3,EletroBidu - CCO MOBY,Charging,2026-03-28,14:41:10
67408530fd34cf001fbd6c63,EletroBidu - CCO Zeta Uno,Available,2026-03-28,14:41:10
6890bcc16899c6001f414dc8,Posto Quality,Available,2026-03-28,14:41:10
69173cb53bad44001fc83d83,EletroBidu - CCO WEG DC,Charging,2026-03-28,14:41:10
670eb3214acdfd001f675a13,EletroBidu - Posto Equipe Shopping,Charging,2026-03-28,15:02:12
66a25ea61060d800227bc0e3,EletroBidu - CCO MOBY,Charging,2026-03-28,15:02:12
67408530fd34cf001fbd6c63,EletroBidu - CCO Zeta Uno,Available,2026-03-28,15:02:12
6890bcc16899c6001f414dc8,Posto Quality,Charging,2026-03-28,15:02:12
69173cb53bad44001fc83d83,EletroBidu - CCO WEG DC,Available,2026-03-28,15:02:12
670eb3214acdfd001f675a13,EletroBidu - Posto Equipe Shopping,Available,2026-03-28,15:58:09
66a25ea61060d800227bc0e3,EletroBidu - CCO MOBY,Charging,2026-03-28,15:58:09
67408530fd34cf001fbd6c63,EletroBidu - CCO Zeta Uno,Available,2026-03-28,15:58:09
6890bcc16899c6001f414dc8,Posto Quality,Available,2026-03-28,15:58:09
69173cb53bad44001fc83d83,EletroBidu - CCO WEG DC,Charging,2026-03-28,15:58:09
670eb3214acdfd001f675a13,EletroBidu - Posto Equipe Shopping,Available,2026-03-28,16:38:16
66a25ea61060d800227bc0e3,EletroBidu - CCO MOBY,Charging,2026-03-28,16:38:16
67408530fd34cf001fbd6c63,EletroBidu - CCO Zeta Uno,Available,2026-03-28,16:38:16
6890bcc16899c6001f414dc8,Posto Quality,Available,2026-03-28,16:38:16
69173cb53bad44001fc83d83,EletroBidu - CCO WEG DC,Available,2026-03-28,16:38:16
670eb3214acdfd001f675a13,EletroBidu - Posto Equipe Shopping,Charging,2026-03-28,16:59:23
66a25ea61060d800227bc0e3,EletroBidu - CCO MOBY,Available,2026-03-28,16:59:23
67408530fd34cf001fbd6c63,EletroBidu - CCO Zeta Uno,Available,2026-03-28,16:59:23
6890bcc16899c6001f414dc8,Posto Quality,Available,2026-03-28,16:59:23
69173cb53bad44001fc83d83,EletroBidu - CCO WEG DC,Charging,2026-03-28,16:59:23
670eb3214acdfd001f675a13,EletroBidu - Posto Equipe Shopping,Charging,2026-03-28,17:45:22
66a25ea61060d800227bc0e3,EletroBidu - CCO MOBY,Available,2026-03-28,17:45:22
67408530fd34cf001fbd6c63,EletroBidu - CCO Zeta Uno,Available,2026-03-28,17:45:22
6890bcc16899c6001f414dc8,Posto Quality,Available,2026-03-28,17:45:22
69173cb53bad44001fc83d83,EletroBidu - CCO WEG DC,Available,2026-03-28,17:45:22
670eb3214acdfd001f675a13,EletroBidu - Posto Equipe Shopping,Available,2026-03-28,18:16:41
66a25ea61060d800227bc0e3,EletroBidu - CCO MOBY,Available,2026-03-28,18:16:41
67408530fd34cf001fbd6c63,EletroBidu - CCO Zeta Uno,Available,2026-03-28,18:16:41
6890bcc16899c6001f414dc8,Posto Quality,Available,2026-03-28,18:16:41
69173cb53bad44001fc83d83,EletroBidu - CCO WEG DC,Available,2026-03-28,18:16:41
670eb3214acdfd001f675a13,EletroBidu - Posto Equipe Shopping,Charging,2026-03-28,18:49:06
66a25ea61060d800227bc0e3,EletroBidu - CCO MOBY,Available,2026-03-28,18:49:06
67408530fd34cf001fbd6c63,EletroBidu - CCO Zeta Uno,Available,2026-03-28,18:49:06
6890bcc16899c6001f414dc8,Posto Quality,Available,2026-03-28,18:49:06
69173cb53bad44001fc83d83,EletroBidu - CCO WEG DC,Available,2026-03-28,18:49:06
670eb3214acdfd001f675a13,EletroBidu - Posto Equipe Shopping,Charging,2026-03-28,19:16:57
66a25ea61060d800227bc0e3,EletroBidu - CCO MOBY,Available,2026-03-28,19:16:57
67408530fd34cf001fbd6c63,EletroBidu - CCO Zeta Uno,Available,2026-03-28,19:16:57
6890bcc16899c6001f414dc8,Posto Quality,Available,2026-03-28,19:16:57
69173cb53bad44001fc83d83,EletroBidu - CCO WEG DC,Available,2026-03-28,19:16:57
670eb3214acdfd001f675a13,EletroBidu - Posto Equipe Shopping,Available,2026-03-28,19:51:43
66a25ea61060d800227bc0e3,EletroBidu - CCO MOBY,Available,2026-03-28,19:51:43
67408530fd34cf001fbd6c63,EletroBidu - CCO Zeta Uno,Available,2026-03-28,19:51:43
6890bcc16899c6001f414dc8,Posto Quality,Available,2026-03-28,19:51:43
69173cb53bad44001fc83d83,EletroBidu - CCO WEG DC,Available,2026-03-28,19:51:43
670eb3214acdfd001f675a13,EletroBidu - Posto Equipe Shopping,Available,2026-03-28,20:27:17
66a25ea61060d800227bc0e3,EletroBidu - CCO MOBY,Available,2026-03-28,20:27:17
67408530fd34cf001fbd6c63,EletroBidu - CCO Zeta Uno,Charging,2026-03-28,20:27:17
6890bcc16899c6001f414dc8,Posto Quality,Available,2026-03-28,20:27:17
69173cb53bad44001fc83d83,EletroBidu - CCO WEG DC,Available,2026-03-28,20:27:17
670eb3214acdfd001f675a13,EletroBidu - Posto Equipe Shopping,Available,2026-03-28,20:57:20
66a25ea61060d800227bc0e3,EletroBidu - CCO MOBY,Available,2026-03-28,20:57:20
67408530fd34cf001fbd6c63,EletroBidu - CCO Zeta Uno,Charging,2026-03-28,20:57:20
6890bcc16899c6001f414dc8,Posto Quality,Available,2026-03-28,20:57:20
69173cb53bad44001fc83d83,EletroBidu - CCO WEG DC,Available,2026-03-28,20:57:20
670eb3214acdfd001f675a13,EletroBidu - Posto Equipe Shopping,Available,2026-03-29,00:29:42
66a25ea61060d800227bc0e3,EletroBidu - CCO MOBY,Available,2026-03-29,00:29:42
67408530fd34cf001fbd6c63,EletroBidu - CCO Zeta Uno,Available,2026-03-29,00:29:42
6890bcc16899c6001f414dc8,Posto Quality,Available,2026-03-29,00:29:42
69173cb53bad44001fc83d83,EletroBidu - CCO WEG DC,Available,2026-03-29,00:29:42
670eb3214acdfd001f675a13,EletroBidu - Posto Equipe Shopping,Available,2026-03-29,02:26:21
66a25ea61060d800227bc0e3,EletroBidu - CCO MOBY,Available,2026-03-29,02:26:21
67408530fd34cf001fbd6c63,EletroBidu - CCO Zeta Uno,Available,2026-03-29,02:26:21
6890bcc16899c6001f414dc8,Posto Quality,Available,2026-03-29,02:26:21
69173cb53bad44001fc83d83,EletroBidu - CCO WEG DC,Available,2026-03-29,02:26:21
670eb3214acdfd001f675a13,EletroBidu - Posto Equipe Shopping,Available,2026-03-29,03:43:58
66a25ea61060d800227bc0e3,EletroBidu - CCO MOBY,Available,2026-03-29,03:43:58
67408530fd34cf001fbd6c63,EletroBidu - CCO Zeta Uno,Available,2026-03-29,03:43:58
6890bcc16899c6001f414dc8,Posto Quality,Available,2026-03-29,03:43:58
69173cb53bad44001fc83d83,EletroBidu - CCO WEG DC,Available,2026-03-29,03:43:58
670eb3214acdfd001f675a13,EletroBidu - Posto Equipe Shopping,Charging,2026-03-29,04:41:25
66a25ea61060d800227bc0e3,EletroBidu - CCO MOBY,Available,2026-03-29,04:41:25
67408530fd34cf001fbd6c63,EletroBidu - CCO Zeta Uno,Available,2026-03-29,04:41:25
6890bcc16899c6001f414dc8,Posto Quality,Available,2026-03-29,04:41:25
69173cb53bad44001fc83d83,EletroBidu - CCO WEG DC,Available,2026-03-29,04:41:25
670eb3214acdfd001f675a13,EletroBidu - Posto Equipe Shopping,Available,2026-03-29,05:23:51
66a25ea61060d800227bc0e3,EletroBidu - CCO MOBY,Available,2026-03-29,05:23:51
67408530fd34cf001fbd6c63,EletroBidu - CCO Zeta Uno,Available,2026-03-29,05:23:51
6890bcc16899c6001f414dc8,Posto Quality,Available,2026-03-29,05:23:51
69173cb53bad44001fc83d83,EletroBidu - CCO WEG DC,Available,2026-03-29,05:23:51
670eb3214acdfd001f675a13,EletroBidu - Posto Equipe Shopping,Available,2026-03-29,06:05:37
66a25ea61060d800227bc0e3,EletroBidu - CCO MOBY,Charging,2026-03-29,06:05:37
67408530fd34cf001fbd6c63,EletroBidu - CCO Zeta Uno,Available,2026-03-29,06:05:37
6890bcc16899c6001f414dc8,Posto Quality,Available,2026-03-29,06:05:37
69173cb53bad44001fc83d83,EletroBidu - CCO WEG DC,Available,2026-03-29,06:05:37
670eb3214acdfd001f675a13,EletroBidu - Posto Equipe Shopping,Available,2026-03-29,06:52:24
66a25ea61060d800227bc0e3,EletroBidu - CCO MOBY,Finishing,2026-03-29,06:52:24
67408530fd34cf001fbd6c63,EletroBidu - CCO Zeta Uno,Charging,2026-03-29,06:52:24
6890bcc16899c6001f414dc8,Posto Quality,Available,2026-03-29,06:52:24
69173cb53bad44001fc83d83,EletroBidu - CCO WEG DC,Charging,2026-03-29,06:52:24
670eb3214acdfd001f675a13,EletroBidu - Posto Equipe Shopping,Available,2026-03-29,07:31:38
66a25ea61060d800227bc0e3,EletroBidu - CCO MOBY,Available,2026-03-29,07:31:38
67408530fd34cf001fbd6c63,EletroBidu - CCO Zeta Uno,Charging,2026-03-29,07:31:38
6890bcc16899c6001f414dc8,Posto Quality,Available,2026-03-29,07:31:38
69173cb53bad44001fc83d83,EletroBidu - CCO WEG DC,Charging,2026-03-29,07:31:38
670eb3214acdfd001f675a13,EletroBidu - Posto Equipe Shopping,Available,2026-03-29,08:03:18
66a25ea61060d800227bc0e3,EletroBidu - CCO MOBY,Available,2026-03-29,08:03:18
67408530fd34cf001fbd6c63,EletroBidu - CCO Zeta Uno,Available,2026-03-29,08:03:18
6890bcc16899c6001f414dc8,Posto Quality,Available,2026-03-29,08:03:18
69173cb53bad44001fc83d83,EletroBidu - CCO WEG DC,Charging,2026-03-29,08:03:18
670eb3214acdfd001f675a13,EletroBidu - Posto Equipe Shopping,Available,2026-03-29,08:40:34
66a25ea61060d800227bc0e3,EletroBidu - CCO MOBY,Available,2026-03-29,08:40:34
67408530fd34cf001fbd6c63,EletroBidu - CCO Zeta Uno,Available,2026-03-29,08:40:34
6890bcc16899c6001f414dc8,Posto Quality,Available,2026-03-29,08:40:34
69173cb53bad44001fc83d83,EletroBidu - CCO WEG DC,Available,2026-03-29,08:40:34
670eb3214acdfd001f675a13,EletroBidu - Posto Equipe Shopping,Available,2026-03-29,09:01:44
66a25ea61060d800227bc0e3,EletroBidu - CCO MOBY,Available,2026-03-29,09:01:44
67408530fd34cf001fbd6c63,EletroBidu - CCO Zeta Uno,Available,2026-03-29,09:01:44
6890bcc16899c6001f414dc8,Posto Quality,Available,2026-03-29,09:01:44
69173cb53bad44001fc83d83,EletroBidu - CCO WEG DC,Available,2026-03-29,09:01:44
670eb3214acdfd001f675a13,EletroBidu - Posto Equipe Shopping,Charging,2026-03-29,10:18:11
66a25ea61060d800227bc0e3,EletroBidu - CCO MOBY,Available,2026-03-29,10:18:11
67408530fd34cf001fbd6c63,EletroBidu - CCO Zeta Uno,Available,2026-03-29,10:18:11
6890bcc16899c6001f414dc8,Posto Quality,Available,2026-03-29,10:18:11
69173cb53bad44001fc83d83,EletroBidu - CCO WEG DC,Available,2026-03-29,10:18:11
670eb3214acdfd001f675a13,EletroBidu - Posto Equipe Shopping,Finishing,2026-03-29,11:03:12
66a25ea61060d800227bc0e3,EletroBidu - CCO MOBY,Charging,2026-03-29,11:03:12
67408530fd34cf001fbd6c63,EletroBidu - CCO Zeta Uno,Charging,2026-03-29,11:03:12
6890bcc16899c6001f414dc8,Posto Quality,Charging,2026-03-29,11:03:12
69173cb53bad44001fc83d83,EletroBidu - CCO WEG DC,Charging,2026-03-29,11:03:12
670eb3214acdfd001f675a13,EletroBidu - Posto Equipe Shopping,Finishing,2026-03-29,11:50:50
66a25ea61060d800227bc0e3,EletroBidu - CCO MOBY,Available,2026-03-29,11:50:50
67408530fd34cf001fbd6c63,EletroBidu - CCO Zeta Uno,Charging,2026-03-29,11:50:50
6890bcc16899c6001f414dc8,Posto Quality,Available,2026-03-29,11:50:50
69173cb53bad44001fc83d83,EletroBidu - CCO WEG DC,Charging,2026-03-29,11:50:50
670eb3214acdfd001f675a13,EletroBidu - Posto Equipe Shopping,Finishing,2026-03-29,12:25:09
66a25ea61060d800227bc0e3,EletroBidu - CCO MOBY,Available,2026-03-29,12:25:09
67408530fd34cf001fbd6c63,EletroBidu - CCO Zeta Uno,Available,2026-03-29,12:25:09
6890bcc16899c6001f414dc8,Posto Quality,Available,2026-03-29,12:25:09
69173cb53bad44001fc83d83,EletroBidu - CCO WEG DC,Available,2026-03-29,12:25:09
670eb3214acdfd001f675a13,EletroBidu - Posto Equipe Shopping,Finishing,2026-03-29,12:56:21
66a25ea61060d800227bc0e3,EletroBidu - CCO MOBY,Available,2026-03-29,12:56:21
67408530fd34cf001fbd6c63,EletroBidu - CCO Zeta Uno,Available,2026-03-29,12:56:21
6890bcc16899c6001f414dc8,Posto Quality,Available,2026-03-29,12:56:21
69173cb53bad44001fc83d83,EletroBidu - CCO WEG DC,Available,2026-03-29,12:56:21
670eb3214acdfd001f675a13,EletroBidu - Posto Equipe Shopping,Charging,2026-03-29,13:44:39
66a25ea61060d800227bc0e3,EletroBidu - CCO MOBY,Available,2026-03-29,13:44:39
67408530fd34cf001fbd6c63,EletroBidu - CCO Zeta Uno,Charging,2026-03-29,13:44:39
6890bcc16899c6001f414dc8,Posto Quality,Available,2026-03-29,13:44:39
69173cb53bad44001fc83d83,EletroBidu - CCO WEG DC,Available,2026-03-29,13:44:39
670eb3214acdfd001f675a13,EletroBidu - Posto Equipe Shopping,Available,2026-03-29,14:17:45
66a25ea61060d800227bc0e3,EletroBidu - CCO MOBY,Available,2026-03-29,14:17:45
67408530fd34cf001fbd6c63,EletroBidu - CCO Zeta Uno,Charging,2026-03-29,14:17:45
6890bcc16899c6001f414dc8,Posto Quality,Available,2026-03-29,14:17:45
69173cb53bad44001fc83d83,EletroBidu - CCO WEG DC,Available,2026-03-29,14:17:45
670eb3214acdfd001f675a13,EletroBidu - Posto Equipe Shopping,Available,2026-03-29,14:53:12
66a25ea61060d800227bc0e3,EletroBidu - CCO MOBY,Available,2026-03-29,14:53:12
67408530fd34cf001fbd6c63,EletroBidu - CCO Zeta Uno,Charging,2026-03-29,14:53:12
6890bcc16899c6001f414dc8,Posto Quality,Available,2026-03-29,14:53:12
69173cb53bad44001fc83d83,EletroBidu - CCO WEG DC,Available,2026-03-29,14:53:12
670eb3214acdfd001f675a13,EletroBidu - Posto Equipe Shopping,Preparing,2026-03-29,15:42:08
66a25ea61060d800227bc0e3,EletroBidu - CCO MOBY,Available,2026-03-29,15:42:08
67408530fd34cf001fbd6c63,EletroBidu - CCO Zeta Uno,Available,2026-03-29,15:42:08
6890bcc16899c6001f414dc8,Posto Quality,Available,2026-03-29,15:42:08
69173cb53bad44001fc83d83,EletroBidu - CCO WEG DC,Available,2026-03-29,15:42:08
670eb3214acdfd001f675a13,EletroBidu - Posto Equipe Shopping,Charging,2026-03-29,16:21:58
66a25ea61060d800227bc0e3,EletroBidu - CCO MOBY,Available,2026-03-29,16:21:58
67408530fd34cf001fbd6c63,EletroBidu - CCO Zeta Uno,Available,2026-03-29,16:21:58
6890bcc16899c6001f414dc8,Posto Quality,Available,2026-03-29,16:21:58
69173cb53bad44001fc83d83,EletroBidu - CCO WEG DC,Available,2026-03-29,16:21:58
